mean_pred,frac_pos
0.004081263380482726,0.03571428571428571
