mean_pred,frac_pos
0.004191346558968001,0.0
0.12475781887769699,0.0
0.29167988896369934,0.0
