mean_pred,frac_pos
0.006615054526117555,0.0
0.16014305874705315,0.0
0.21772359311580658,0.0
0.5736352801322937,1.0
0.7356305718421936,1.0
