mean_pred,frac_pos
0.007360543330044796,0.03636363636363636
0.1486802026629448,0.5
0.2597143352031708,0.0
