mean_pred,frac_pos
0.010704611063837731,0.018404907975460124
0.1489555537700653,0.25
0.2452661395072937,0.0
