mean_pred,frac_pos
0.008772254855880006,0.048484848484848485
0.13893890753388405,0.0
0.34880131483078003,0.0
