mean_pred,frac_pos
0.017705337465099412,0.005988023952095809
0.30032095313072205,1.0
