mean_pred,frac_pos
0.004777479179747717,0.006024096385542169
0.15162786841392517,1.0
