mean_pred,frac_pos
0.002629909235544065,0.011904761904761904
