mean_pred,frac_pos
0.005657876908347145,0.012048192771084338
0.13600343838334084,0.0
