mean_pred,frac_pos
0.0064097760315342395,0.0
0.18918779492378235,0.0
0.3525256812572479,0.0
0.42877770960330963,0.0
0.504028856754303,0.0
0.7935001850128174,0.0
