mean_pred,frac_pos
0.004134844865995657,0.0
0.1663522943854332,0.0
0.2260884791612625,0.0
