mean_pred,frac_pos
0.004047037595969245,0.006172839506172839
0.1896461397409439,1.0
0.25293103605508804,0.5
0.4767809957265854,0.5
