mean_pred,frac_pos
0.002135833135757458,0.0
0.16797323524951935,0.0
0.36609622836112976,0.0
0.7232073247432709,0.0
0.8428471088409424,0.0
