mean_pred,frac_pos
0.008680400533595927,0.06134969325153374
0.12173318266868591,0.4
