mean_pred,frac_pos
0.002936968939668825,0.07975460122699386
0.11504170298576355,0.0
0.24811065942049026,0.5
0.4322143495082855,0.0
0.5545519590377808,1.0
