mean_pred,frac_pos
0.0023564988938693226,0.024096385542168676
0.12696680426597595,0.5
