mean_pred,frac_pos
0.007449091662348975,0.012195121951219513
0.13307358572880426,0.0
0.22980357706546783,0.0
