mean_pred,frac_pos
0.004410385617423647,0.017857142857142856
