mean_pred,frac_pos
0.0018233020729171421,0.006024096385542169
0.2081129103899002,0.0
0.602692186832428,1.0
