mean_pred,frac_pos
0.005157932620537636,0.018072289156626505
0.13201382011175156,0.0
