mean_pred,frac_pos
0.007152352584525943,0.04
0.1539874697724978,0.5
0.2438555977174214,0.2857142857142857
0.3279540315270424,0.75
0.4964729845523834,1.0
