mean_pred,frac_pos
0.003271632408267392,0.0
0.15276451408863068,0.0
0.24609816074371338,0.0
