mean_pred,frac_pos
0.00548379071799949,0.0
0.25455379486083984,0.0
