{
  "regime": "static",
  "target": "Price_negative_secondary",
  "metrics": {
    "precision": 0.8347107438016529,
    "recall": 0.42526315789473684,
    "f1": 0.5634588563458856,
    "auc": 0.710916033444306,
    "mcc": 0.5809172389333073,
    "confusion_matrix": [
      [
        8244,
        40
      ],
      [
        273,
        202
      ]
    ]
  }
}