mean_pred,frac_pos
0.005522254571224039,0.00625
0.13451503217220306,0.25
0.4446820169687271,0.5
0.5834813714027405,1.0
0.8475666642189026,0.0
