mean_pred,frac_pos
0.008519692378072643,0.012345679012345678
0.14365274906158448,0.0
0.247375026345253,1.0
