mean_pred,frac_pos
0.00524013795632685,0.023952095808383235
0.1818976253271103,1.0
