mean_pred,frac_pos
0.006087236567835157,0.012345679012345678
0.14515306800603867,0.0
0.32134607434272766,0.0
0.7250007390975952,0.0
0.9671245217323303,0.0
