mean_pred,frac_pos
0.005194968500829957,0.012345679012345678
0.12190847843885422,0.0
0.22689701616764069,1.0
0.37135958671569824,1.0
0.8386095464229584,0.5
0.9207839369773865,1.0
