mean_pred,frac_pos
0.004125414207586382,0.012422360248447204
0.13972519586483637,0.3333333333333333
0.4202526807785034,1.0
0.5434049069881439,1.0
0.8689150810241699,1.0
