mean_pred,frac_pos
0.012383008464733197,0.06962025316455696
0.1307786926627159,0.6
0.26284192502498627,1.0
0.34260931611061096,1.0
0.4656231999397278,0.0
0.5016474723815918,1.0
