mean_pred,frac_pos
0.004936969852978419,0.0
0.11605937033891678,0.0
