mean_pred,frac_pos
0.018749091206345617,0.0
0.12614373117685318,0.3333333333333333
0.270320862531662,0.0
