mean_pred,frac_pos
0.012812829691345893,0.03870967741935484
0.1438767220824957,0.25
0.21857266873121262,0.25
0.3235461041331291,0.75
0.5944306254386902,1.0
