mean_pred,frac_pos
0.0027910762462962533,0.0
0.17250560224056244,0.5
0.29273509979248047,0.0
