mean_pred,frac_pos
0.0077043592088179005,0.06832298136645963
0.1336430199444294,0.25
0.34126751124858856,0.0
0.4188363254070282,1.0
