mean_pred,frac_pos
0.0026135370091377,0.08176100628930817
0.14126481674611568,0.0
0.2614675462245941,0.0
0.41829097270965576,0.0
0.8332104086875916,0.0
0.9554322361946106,1.0
