mean_pred,frac_pos
0.005443166216596972,0.0
0.18350350856781006,0.0
