mean_pred,frac_pos
0.008977754811927429,0.018072289156626505
0.134711354970932,0.5
