mean_pred,frac_pos
0.002528297475051928,0.018518518518518517
0.23157551884651184,1.0
0.45372965931892395,0.3333333333333333
0.8931167721748352,1.0
0.9447978734970093,1.0
