mean_pred,frac_pos
0.0029320243685928985,0.011904761904761904
