mean_pred,frac_pos
0.005527133684295848,0.011976047904191617
0.13739259541034698,0.0
