mean_pred,frac_pos
0.0035601636613404914,0.0
0.14226819574832916,0.0
0.2591854855418205,0.0
0.3915437161922455,0.0
0.8833606243133545,1.0
