mean_pred,frac_pos
0.009422013501511197,0.032467532467532464
0.13156774453818798,0.125
0.2619871571660042,0.0
0.36750155687332153,0.5
0.6226454377174377,1.0
0.8780376315116882,1.0
