mean_pred,frac_pos
0.004565337946295808,0.012578616352201259
0.17804299667477608,0.5
0.2064506709575653,0.0
0.32751211524009705,0.0
0.49681204557418823,1.0
