mean_pred,frac_pos
0.0036130819478005704,0.005952380952380952
