mean_pred,frac_pos
0.010967935562661438,0.025974025974025976
0.1426640177766482,0.4444444444444444
0.24970504144827524,1.0
0.3030664920806885,1.0
0.6534064412117004,1.0
