mean_pred,frac_pos
0.0038954458751028313,0.011904761904761904
