mean_pred,frac_pos
0.002853220759532443,0.0
0.12623831629753113,0.0
0.2938125431537628,0.0
0.5292193293571472,0.0
0.6257922053337097,0.0
