mean_pred,frac_pos
0.00889711598925298,0.018072289156626505
0.13878827542066574,0.0
