mean_pred,frac_pos
0.006246684826714133,0.012048192771084338
0.2474023401737213,0.0
0.7362105250358582,1.0
