mean_pred,frac_pos
0.0032301987478759414,0.0
0.17253044247627258,0.0
0.26235030591487885,0.0
0.9493001103401184,1.0
