mean_pred,frac_pos
0.009517046696756308,0.0
0.11918720044195652,0.25
