mean_pred,frac_pos
0.0015729026402581015,0.005988023952095809
0.7803478240966797,1.0
