mean_pred,frac_pos
0.0037515781163008034,0.0
0.1445145569741726,0.0
0.24918272346258163,0.0
0.34252068400382996,0.0
0.6880767345428467,0.0
