mean_pred,frac_pos
0.007976697031976766,0.017857142857142856
