mean_pred,frac_pos
0.0013831651716221434,0.011904761904761904
