{
  "regime": "static",
  "target": "Price_positive_secondary",
  "metrics": {
    "precision": 0.8969889064976229,
    "recall": 0.6461187214611872,
    "f1": 0.7511612475116125,
    "auc": 0.8206389015840688,
    "mcc": 0.740159976349563,
    "confusion_matrix": [
      [
        7818,
        65
      ],
      [
        310,
        566
      ]
    ]
  }
}