mean_pred,frac_pos
0.0064789692436793955,0.011904761904761904
