mean_pred,frac_pos
0.006627330312986454,0.006024096385542169
0.17437805235385895,0.0
0.25292539596557617,0.0
