mean_pred,frac_pos
0.0018903589807450771,0.02976190476190476
