mean_pred,frac_pos
0.00460816238983116,0.029940119760479042
0.3031144142150879,1.0
