mean_pred,frac_pos
0.005124508566013956,0.017964071856287425
0.2892526686191559,0.0
