mean_pred,frac_pos
0.005578385638987778,0.005952380952380952
