mean_pred,frac_pos
0.006641310863161573,0.012121212121212121
0.13190803676843643,0.0
