mean_pred,frac_pos
0.004821216313420274,0.018867924528301886
0.11290176585316658,0.0
0.3362741470336914,0.5
0.5443738102912903,0.0
0.7511232495307922,0.0
0.8010015487670898,1.0
