mean_pred,frac_pos
0.002236034129534594,0.012121212121212121
0.10438991338014603,1.0
0.5638038516044617,1.0
0.6684811115264893,1.0
