mean_pred,frac_pos
0.001865259480837267,0.018072289156626505
0.14024914801120758,1.0
0.24025772511959076,1.0
