mean_pred,frac_pos
0.005431590326099718,0.017964071856287425
0.10765551030635834,0.0
