mean_pred,frac_pos
0.008432270367241776,0.012345679012345678
0.1316530615091324,0.0
0.3133425712585449,0.0
