mean_pred,frac_pos
0.003150027819454992,0.006172839506172839
0.19555939733982086,0.0
0.2582901269197464,1.0
0.3081466853618622,1.0
0.4191705286502838,1.0
