mean_pred,frac_pos
0.002785159781574489,0.012269938650306749
0.1759692132472992,1.0
0.5568395853042603,1.0
0.6922681927680969,0.0
0.8538196086883545,1.0
