mean_pred,frac_pos
0.005118512381754124,0.006289308176100629
0.13114970549941063,0.0
0.3665284713109334,1.0
0.46018625795841217,0.5
0.670315682888031,1.0
0.7173100113868713,1.0
