mean_pred,frac_pos
0.0044027463706905945,0.006024096385542169
0.11840373277664185,0.0
0.4213683605194092,0.0
