{
  "regime": "static",
  "target": "Price_negative_tertiary",
  "metrics": {
    "precision": 1.0,
    "recall": 0.41015625,
    "f1": 0.5817174515235457,
    "auc": 0.705078125,
    "mcc": 0.6348224999130752,
    "confusion_matrix": [
      [
        8503,
        0
      ],
      [
        151,
        105
      ]
    ]
  }
}