mean_pred,frac_pos
0.00656818241259316,0.017857142857142856
