mean_pred,frac_pos
0.010065880891535879,0.012987012987012988
0.1389569313480304,0.38461538461538464
0.23596274852752686,1.0
