mean_pred,frac_pos
0.004246073019352149,0.012121212121212121
0.15033620595932007,0.0
0.25245401263237,0.0
