{
  "regime": "static",
  "target": "Price_positive_tertiary",
  "metrics": {
    "precision": 0.9314685314685315,
    "recall": 0.7441340782122905,
    "f1": 0.8273291925465839,
    "auc": 0.8703168956051762,
    "mcc": 0.8162883229776802,
    "confusion_matrix": [
      [
        7815,
        49
      ],
      [
        229,
        666
      ]
    ]
  }
}