mean_pred,frac_pos
0.002478279968532401,0.005952380952380952
