mean_pred,frac_pos
0.004073795069070045,0.005952380952380952
