mean_pred,frac_pos
0.006157259077927886,0.006134969325153374
0.12080061063170433,0.0
0.23916344344615936,1.0
0.7967463731765747,1.0
0.8733879923820496,0.0
