rule,precision,recall,support
Price_negative_tertiary_lag1 <= -1033.7639770507812,1.0,0.3333333333333333,176
Energy_negative_tertiary <= -287.375,1.0,0.3333333333333333,174
