mean_pred,frac_pos
0.008188647117030115,0.11612903225806452
0.13427352692399705,0.7142857142857143
0.24663667877515158,0.6666666666666666
0.4613509476184845,0.5
0.8112380504608154,1.0
