mean_pred,frac_pos
0.004868819834741145,0.0
0.2592834532260895,0.0
