mean_pred,frac_pos
0.0019860252761860486,0.0
0.37398654222488403,1.0
0.6634330749511719,0.0
0.7378817498683929,0.5
0.8131619691848755,0.6666666666666666
