mean_pred,frac_pos
0.004121883828168551,0.011976047904191617
0.1156887635588646,0.0
