mean_pred,frac_pos
0.005412957856562658,0.011976047904191617
0.14450806379318237,0.0
