mean_pred,frac_pos
0.004822005224559689,0.025
0.14241825913389525,0.5
0.5701794624328613,0.0
0.6918785572052002,0.0
