mean_pred,frac_pos
0.006047719111076638,0.0
0.1449277251958847,0.0
0.26357822120189667,0.5
0.35581833124160767,0.0
0.8866870999336243,1.0
