mean_pred,frac_pos
0.0030147438248604884,0.0125
0.1747022271156311,0.0
0.21615628898143768,0.25
0.5555315613746643,1.0
0.6187437772750854,0.0
0.7587828040122986,0.0
