mean_pred,frac_pos
0.004475767544499831,0.00625
0.18602454662322998,0.0
0.24823613464832306,0.5
0.34599989652633667,0.0
0.8719826738039652,0.3333333333333333
0.9446511268615723,1.0
