mean_pred,frac_pos
0.003005620974196018,0.012269938650306749
0.3632067143917084,0.0
0.6543534398078918,0.3333333333333333
0.7201198935508728,1.0
