mean_pred,frac_pos
0.004925518034543749,0.024844720496894408
0.10437200218439102,0.0
0.22479988634586334,0.0
0.39080314834912616,0.6666666666666666
0.4310033619403839,1.0
