mean_pred,frac_pos
0.0018868126271194168,0.005952380952380952
