mean_pred,frac_pos
0.0023341250458924837,0.006172839506172839
0.12856575846672058,0.0
0.2546721200148265,0.3333333333333333
0.3886052966117859,0.0
0.4589006304740906,1.0
