{
  "fold": 1,
  "best_params": {
    "lr": 0.015025858321104634,
    "depth": 7,
    "mcw": 1,
    "sub": 0.7941381937838315,
    "col": 0.20353774709805203,
    "alpha": 0.4519269452934923,
    "lam": 0.8011579555216211,
    "spw": 53.61835863026997,
    "n": 800,
    "max_depth": 6,
    "scale_pos_weight": 1
  },
  "precision": 0.6216216216216216,
  "recall": 0.9583333333333334,
  "f1": 0.7540983606557377,
  "confusion_matrix": [
    [
      1422,
      14
    ],
    [
      1,
      23
    ]
  ],
  "ratio": 57.4
}