{
  "fold": 4,
  "best_params": {
    "lr": 0.1552212454641611,
    "depth": 7,
    "mcw": 1,
    "sub": 0.855233310775785,
    "col": 0.32373829878680055,
    "alpha": 0.7896619542487421,
    "lam": 0.5600365730617222,
    "spw": 59.05553522283074,
    "n": 200,
    "max_depth": 6,
    "scale_pos_weight": 1
  },
  "precision": 1.0,
  "recall": 0.1111111111111111,
  "f1": 0.2,
  "confusion_matrix": [
    [
      1451,
      0
    ],
    [
      8,
      1
    ]
  ],
  "ratio": 50.228070175438596
}