{
  "fold": 4,
  "best_params": {
    "lr": 0.019511340578431506,
    "depth": 11,
    "mcw": 7,
    "sub": 0.44433148611895046,
    "col": 0.28305901545695544,
    "alpha": 0.3885000431908573,
    "lam": 0.49856077119309616,
    "spw": 85.77990828568726,
    "n": 400,
    "max_depth": 6,
    "scale_pos_weight": 1
  },
  "precision": 0.6666666666666666,
  "recall": 0.08333333333333333,
  "f1": 0.14814814814814814,
  "confusion_matrix": [
    [
      1435,
      1
    ],
    [
      22,
      2
    ]
  ],
  "ratio": 74.84415584415585
}