{
  "fold": 3,
  "best_params": {
    "lr": 0.06384946427362839,
    "depth": 4,
    "mcw": 5,
    "sub": 0.4523920300005092,
    "col": 0.788511367181784,
    "alpha": 0.6831829775983104,
    "lam": 0.6779385687700183,
    "spw": 60.74273109938376,
    "n": 800,
    "max_depth": 6,
    "scale_pos_weight": 1
  },
  "precision": 0.7619047619047619,
  "recall": 0.5333333333333333,
  "f1": 0.6274509803921569,
  "confusion_matrix": [
    [
      1425,
      5
    ],
    [
      14,
      16
    ]
  ],
  "ratio": 75.84210526315789
}