{
  "fold": 5,
  "best_params": {
    "lr": 0.00750692251308953,
    "depth": 11,
    "mcw": 5,
    "sub": 0.5228913072229335,
    "col": 0.32652269321657756,
    "alpha": 0.6607259874848501,
    "lam": 0.10581270799292714,
    "spw": 40.624654100844765,
    "n": 800,
    "max_depth": 6,
    "scale_pos_weight": 1
  },
  "precision": 0.68,
  "recall": 0.6538461538461539,
  "f1": 0.6666666666666666,
  "confusion_matrix": [
    [
      1426,
      8
    ],
    [
      9,
      17
    ]
  ],
  "ratio": 43.24242424242424
}