{
  "fold": 4,
  "best_params": {
    "lr": 0.10901740807198541,
    "depth": 4,
    "mcw": 5,
    "sub": 0.8374864353661788,
    "col": 0.8439265572289775,
    "alpha": 0.33641836545437925,
    "lam": 0.7303710478872866,
    "spw": 26.16020753356746,
    "n": 400,
    "max_depth": 6,
    "scale_pos_weight": 1
  },
  "precision": 0.7857142857142857,
  "recall": 0.4782608695652174,
  "f1": 0.5945945945945946,
  "confusion_matrix": [
    [
      1434,
      3
    ],
    [
      12,
      11
    ]
  ],
  "ratio": 26.547169811320753
}