{
  "fold": 4,
  "best_params": {
    "lr": 0.20614524865252254,
    "depth": 12,
    "mcw": 2,
    "sub": 0.4530505840578145,
    "col": 0.5187382437851684,
    "alpha": 0.13965249632338148,
    "lam": 0.4521978530706581,
    "spw": 27.086118344894842,
    "n": 400,
    "max_depth": 6,
    "scale_pos_weight": 1
  },
  "precision": 0.5,
  "recall": 0.3333333333333333,
  "f1": 0.4,
  "confusion_matrix": [
    [
      1444,
      4
    ],
    [
      8,
      4
    ]
  ],
  "ratio": 24.064377682403432
}