{
  "fold": 3,
  "best_params": {
    "lr": 0.23878989181828766,
    "depth": 3,
    "mcw": 7,
    "sub": 0.40119079926299783,
    "col": 0.49395479809316883,
    "alpha": 0.09003243364766034,
    "lam": 0.9670583911703399,
    "spw": 32.67959365103298,
    "n": 800,
    "max_depth": 6,
    "scale_pos_weight": 1
  },
  "precision": 0.8888888888888888,
  "recall": 0.6666666666666666,
  "f1": 0.7619047619047619,
  "confusion_matrix": [
    [
      1434,
      2
    ],
    [
      8,
      16
    ]
  ],
  "ratio": 30.73913043478261
}