{
  "fold": 1,
  "best_params": {
    "lr": 0.017305080011877708,
    "depth": 9,
    "mcw": 2,
    "sub": 0.5239553161043595,
    "col": 0.837223538170396,
    "alpha": 0.534832092602101,
    "lam": 0.5646711466599755,
    "spw": 26.137183673163044,
    "n": 400,
    "max_depth": 6,
    "scale_pos_weight": 1
  },
  "precision": 0.7272727272727273,
  "recall": 0.6,
  "f1": 0.6575342465753424,
  "confusion_matrix": [
    [
      1411,
      9
    ],
    [
      16,
      24
    ]
  ],
  "ratio": 27.076923076923077
}