{
  "fold": 3,
  "best_params": {
    "lr": 0.2201568577699625,
    "depth": 10,
    "mcw": 7,
    "sub": 0.47633018379052816,
    "col": 0.7313794887393468,
    "alpha": 0.7810294160976583,
    "lam": 0.466360007079199,
    "spw": 50.34120155911339,
    "n": 200,
    "max_depth": 6,
    "scale_pos_weight": 1
  },
  "precision": 0.8148148148148148,
  "recall": 0.4888888888888889,
  "f1": 0.6111111111111112,
  "confusion_matrix": [
    [
      1410,
      5
    ],
    [
      23,
      22
    ]
  ],
  "ratio": 55.15384615384615
}