{
  "fold": 5,
  "best_params": {
    "lr": 0.029116312260440494,
    "depth": 12,
    "mcw": 7,
    "sub": 0.8015935039465862,
    "col": 0.20407508902181137,
    "alpha": 0.596978956800515,
    "lam": 0.16606688609056258,
    "spw": 37.040683116508575,
    "n": 800,
    "max_depth": 6,
    "scale_pos_weight": 1
  },
  "precision": 0.48,
  "recall": 0.7741935483870968,
  "f1": 0.5925925925925926,
  "confusion_matrix": [
    [
      1403,
      26
    ],
    [
      7,
      24
    ]
  ],
  "ratio": 36.82383419689119
}