{
  "fold": 5,
  "best_params": {
    "lr": 0.10243660324476797,
    "depth": 12,
    "mcw": 4,
    "sub": 0.530305044771146,
    "col": 0.43369517688319814,
    "alpha": 0.6362090485882548,
    "lam": 0.36216593669558017,
    "spw": 53.77331326811895,
    "n": 800,
    "max_depth": 6,
    "scale_pos_weight": 1
  },
  "precision": 0.6666666666666666,
  "recall": 0.36363636363636365,
  "f1": 0.47058823529411764,
  "confusion_matrix": [
    [
      1447,
      2
    ],
    [
      7,
      4
    ]
  ],
  "ratio": 51.51798561151079
}