mean_pred,frac_pos
0.005368525975860567,0.03571428571428571
