mean_pred,frac_pos
0.0064509145602642095,0.0
0.14173413217067718,0.0
0.6162393689155579,0.0
0.7611142992973328,1.0
0.8556543588638306,0.0
