mean_pred,frac_pos
0.0016258721354176257,0.03614457831325301
0.12029914557933807,1.0
