mean_pred,frac_pos
0.005916665683235763,0.047619047619047616
