mean_pred,frac_pos
0.018910772161241082,0.0
0.13360188626929334,0.10526315789473684
0.33693305775523186,0.5
0.48679041862487793,0.0
0.5184637904167175,0.0
0.731880784034729,1.0
