mean_pred,frac_pos
0.006527673005146663,0.018633540372670808
0.1403566412627697,0.5
0.22615738213062286,0.0
0.3632017821073532,0.5
