mean_pred,frac_pos
0.002870995170392964,0.0
0.1431705504655838,0.0
0.3678295314311981,0.0
0.4000186622142792,0.0
0.7997350692749023,0.0
0.8830676674842834,0.5
