mean_pred,frac_pos
0.0018466955675235527,0.0
0.45107705891132355,0.0
0.551088809967041,0.0
