mean_pred,frac_pos
0.006077433994856203,0.018072289156626505
0.17334526777267456,0.0
0.27469462156295776,0.0
