mean_pred,frac_pos
0.0071301884463208405,0.0
0.21740084886550903,0.0
0.4931493103504181,0.0
