mean_pred,frac_pos
0.0014798680507131696,0.005952380952380952
