mean_pred,frac_pos
0.012506073379251347,0.0
0.14163504727184772,0.0
0.3905794620513916,0.0
